"","base","catch_low","catch_high","index"
"Fref",0.422588050679966,0.420240371761829,0.420240371763159,0.412945559510208
"SSBref",18389.3632084469,9179.53943755027,36718.1577499071,19522.1360031536
