"","base","catch","index"
"Fref",0.48258424706318,0.479679259216392,0.461548916340951
"SSBref",17230.2890385607,8600.95675333022,18632.6855180959
